title,detail_url,reading,discussion,interaction,original
#一图速览一揽子金融增量政策#,https://m.s.weibo.com/vtopic/detail_new?click_from=searchpc&q=%23%E4%B8%80%E5%9B%BE%E9%80%9F%E8%A7%88%E4%B8%80%E6%8F%BD%E5%AD%90%E9%87%91%E8%9E%8D%E5%A2%9E%E9%87%8F%E6%94%BF%E7%AD%96%23,2915.2万,2412,4816,529
#泡泡玛特股份被创始股东高位清仓#,https://m.s.weibo.com/vtopic/detail_new?click_from=searchpc&q=%23%E6%B3%A1%E6%B3%A1%E7%8E%9B%E7%89%B9%E8%82%A1%E4%BB%BD%E8%A2%AB%E5%88%9B%E5%A7%8B%E8%82%A1%E4%B8%9C%E9%AB%98%E4%BD%8D%E6%B8%85%E4%BB%93%23,4186.7万,4175,1.8万,1045
#中央气象台连发3预警#,https://m.s.weibo.com/vtopic/detail_new?click_from=searchpc&q=%23%E4%B8%AD%E5%A4%AE%E6%B0%94%E8%B1%A1%E5%8F%B0%E8%BF%9E%E5%8F%913%E9%A2%84%E8%AD%A6%23,2263.2万,5737,1.2万,1234
#乘务员错把酒当水倒给3岁小孩#,https://m.s.weibo.com/vtopic/detail_new?click_from=searchpc&q=%23%E4%B9%98%E5%8A%A1%E5%91%98%E9%94%99%E6%8A%8A%E9%85%92%E5%BD%93%E6%B0%B4%E5%80%92%E7%BB%993%E5%B2%81%E5%B0%8F%E5%AD%A9%23,698.3万,305,1674,86
#今天世界微笑日#,https://m.s.weibo.com/vtopic/detail_new?click_from=searchpc&q=%23%E4%BB%8A%E5%A4%A9%E4%B8%96%E7%95%8C%E5%BE%AE%E7%AC%91%E6%97%A5%23,1.2亿,7.9万,18.2万,5456
#阳光灿烂的笑容有多治愈#,https://m.s.weibo.com/vtopic/detail_new?click_from=searchpc&q=%23%E9%98%B3%E5%85%89%E7%81%BF%E7%83%82%E7%9A%84%E7%AC%91%E5%AE%B9%E6%9C%89%E5%A4%9A%E6%B2%BB%E6%84%88%23,541.4万,6692,1.7万,573
#小女孩拿自家金饰去卖老板直接扣下#,https://m.s.weibo.com/vtopic/detail_new?click_from=searchpc&q=%23%E5%B0%8F%E5%A5%B3%E5%AD%A9%E6%8B%BF%E8%87%AA%E5%AE%B6%E9%87%91%E9%A5%B0%E5%8E%BB%E5%8D%96%E8%80%81%E6%9D%BF%E7%9B%B4%E6%8E%A5%E6%89%A3%E4%B8%8B%23,2223.4万,3141,1.5万,608
#学生班级搞孤立老师坚定停课惩治#,https://m.s.weibo.com/vtopic/detail_new?click_from=searchpc&q=%23%E5%AD%A6%E7%94%9F%E7%8F%AD%E7%BA%A7%E6%90%9E%E5%AD%A4%E7%AB%8B%E8%80%81%E5%B8%88%E5%9D%9A%E5%AE%9A%E5%81%9C%E8%AF%BE%E6%83%A9%E6%B2%BB%23,7197.5万,1.5万,7.6万,2662
#江苏将有8级以上阵风#,https://m.s.weibo.com/vtopic/detail_new?click_from=searchpc&q=%23%E6%B1%9F%E8%8B%8F%E5%B0%86%E6%9C%898%E7%BA%A7%E4%BB%A5%E4%B8%8A%E9%98%B5%E9%A3%8E%23,503.2万,468,960,161
#特朗普号召美国民众勒紧裤腰带#,https://m.s.weibo.com/vtopic/detail_new?click_from=searchpc&q=%23%E7%89%B9%E6%9C%97%E6%99%AE%E5%8F%B7%E5%8F%AC%E7%BE%8E%E5%9B%BD%E6%B0%91%E4%BC%97%E5%8B%92%E7%B4%A7%E8%A3%A4%E8%85%B0%E5%B8%A6%23,1526.9万,2956,1.8万,713
#施工方回应全红婵老家盖别墅#,https://m.s.weibo.com/vtopic/detail_new?click_from=searchpc&q=%23%E6%96%BD%E5%B7%A5%E6%96%B9%E5%9B%9E%E5%BA%94%E5%85%A8%E7%BA%A2%E5%A9%B5%E8%80%81%E5%AE%B6%E7%9B%96%E5%88%AB%E5%A2%85%23,278.8万,81,697,25
#美联储主席发布会提及关税超20次#,https://m.s.weibo.com/vtopic/detail_new?click_from=searchpc&q=%23%E7%BE%8E%E8%81%94%E5%82%A8%E4%B8%BB%E5%B8%AD%E5%8F%91%E5%B8%83%E4%BC%9A%E6%8F%90%E5%8F%8A%E5%85%B3%E7%A8%8E%E8%B6%8520%E6%AC%A1%23,427.3万,351,1235,89
#北京公积金贷款利率下调#,https://m.s.weibo.com/vtopic/detail_new?click_from=searchpc&q=%23%E5%8C%97%E4%BA%AC%E5%85%AC%E7%A7%AF%E9%87%91%E8%B4%B7%E6%AC%BE%E5%88%A9%E7%8E%87%E4%B8%8B%E8%B0%83%23,481.1万,279,483,132
#奈雪内部人士回应改名#,https://m.s.weibo.com/vtopic/detail_new?click_from=searchpc&q=%23%E5%A5%88%E9%9B%AA%E5%86%85%E9%83%A8%E4%BA%BA%E5%A3%AB%E5%9B%9E%E5%BA%94%E6%94%B9%E5%90%8D%23,357.3万,118,390,30
#中国留学生在马来西亚遭绑架后获救#,https://m.s.weibo.com/vtopic/detail_new?click_from=searchpc&q=%23%E4%B8%AD%E5%9B%BD%E7%95%99%E5%AD%A6%E7%94%9F%E5%9C%A8%E9%A9%AC%E6%9D%A5%E8%A5%BF%E4%BA%9A%E9%81%AD%E7%BB%91%E6%9E%B6%E5%90%8E%E8%8E%B7%E6%95%91%23,584.8万,310,2069,72
#美联储宣布维持基准利率不变#,https://m.s.weibo.com/vtopic/detail_new?click_from=searchpc&q=%23%E7%BE%8E%E8%81%94%E5%82%A8%E5%AE%A3%E5%B8%83%E7%BB%B4%E6%8C%81%E5%9F%BA%E5%87%86%E5%88%A9%E7%8E%87%E4%B8%8D%E5%8F%98%23,2107.2万,5001,1.4万,738
#美联储将继续减持美国国债#,https://m.s.weibo.com/vtopic/detail_new?click_from=searchpc&q=%23%E7%BE%8E%E8%81%94%E5%82%A8%E5%B0%86%E7%BB%A7%E7%BB%AD%E5%87%8F%E6%8C%81%E7%BE%8E%E5%9B%BD%E5%9B%BD%E5%80%BA%23,113.6万,49,104,26
#多部门介绍民营经济促进法#,https://m.s.weibo.com/vtopic/detail_new?click_from=searchpc&q=%23%E5%A4%9A%E9%83%A8%E9%97%A8%E4%BB%8B%E7%BB%8D%E6%B0%91%E8%90%A5%E7%BB%8F%E6%B5%8E%E4%BF%83%E8%BF%9B%E6%B3%95%23,169.8万,61,142,16
#误给小孩葡萄酒航司不能只道歉赔偿#,https://m.s.weibo.com/vtopic/detail_new?click_from=searchpc&q=%23%E8%AF%AF%E7%BB%99%E5%B0%8F%E5%AD%A9%E8%91%A1%E8%90%84%E9%85%92%E8%88%AA%E5%8F%B8%E4%B8%8D%E8%83%BD%E5%8F%AA%E9%81%93%E6%AD%89%E8%B5%94%E5%81%BF%23,249.1万,28,68,19
#北约轰炸中牺牲的3位烈士雕像塑成#,https://m.s.weibo.com/vtopic/detail_new?click_from=searchpc&q=%23%E5%8C%97%E7%BA%A6%E8%BD%B0%E7%82%B8%E4%B8%AD%E7%89%BA%E7%89%B2%E7%9A%843%E4%BD%8D%E7%83%88%E5%A3%AB%E9%9B%95%E5%83%8F%E5%A1%91%E6%88%90%23,128.1万,61,318,20
#女孩cos石矶娘娘成景区打卡点#,https://m.s.weibo.com/vtopic/detail_new?click_from=searchpc&q=%23%E5%A5%B3%E5%AD%A9cos%E7%9F%B3%E7%9F%B6%E5%A8%98%E5%A8%98%E6%88%90%E6%99%AF%E5%8C%BA%E6%89%93%E5%8D%A1%E7%82%B9%23,75.6万,25,82,17
#俄罗斯政府高级官员热情迎接#,https://m.s.weibo.com/vtopic/detail_new?click_from=searchpc&q=%23%E4%BF%84%E7%BD%97%E6%96%AF%E6%94%BF%E5%BA%9C%E9%AB%98%E7%BA%A7%E5%AE%98%E5%91%98%E7%83%AD%E6%83%85%E8%BF%8E%E6%8E%A5%23,615.6万,400,2817,67
#直播间卖土鸡结果土是商标名#,https://m.s.weibo.com/vtopic/detail_new?click_from=searchpc&q=%23%E7%9B%B4%E6%92%AD%E9%97%B4%E5%8D%96%E5%9C%9F%E9%B8%A1%E7%BB%93%E6%9E%9C%E5%9C%9F%E6%98%AF%E5%95%86%E6%A0%87%E5%90%8D%23,4782万,5658,2.3万,1193
#中国和俄罗斯是好邻居真朋友好伙伴#,https://m.s.weibo.com/vtopic/detail_new?click_from=searchpc&q=%23%E4%B8%AD%E5%9B%BD%E5%92%8C%E4%BF%84%E7%BD%97%E6%96%AF%E6%98%AF%E5%A5%BD%E9%82%BB%E5%B1%85%E7%9C%9F%E6%9C%8B%E5%8F%8B%E5%A5%BD%E4%BC%99%E4%BC%B4%23,286.6万,356,1736,42
#巴基斯坦将对印军入侵做出回应#,https://m.s.weibo.com/vtopic/detail_new?click_from=searchpc&q=%23%E5%B7%B4%E5%9F%BA%E6%96%AF%E5%9D%A6%E5%B0%86%E5%AF%B9%E5%8D%B0%E5%86%9B%E5%85%A5%E4%BE%B5%E5%81%9A%E5%87%BA%E5%9B%9E%E5%BA%94%23,1265.5万,1050,5179,137
#美联储称美关税影响比预期大得多#,https://m.s.weibo.com/vtopic/detail_new?click_from=searchpc&q=%23%E7%BE%8E%E8%81%94%E5%82%A8%E7%A7%B0%E7%BE%8E%E5%85%B3%E7%A8%8E%E5%BD%B1%E5%93%8D%E6%AF%94%E9%A2%84%E6%9C%9F%E5%A4%A7%E5%BE%97%E5%A4%9A%23,452万,2126,4861,237
#美财长阿巴阿巴阿巴#,https://m.s.weibo.com/vtopic/detail_new?click_from=searchpc&q=%23%E7%BE%8E%E8%B4%A2%E9%95%BF%E9%98%BF%E5%B7%B4%E9%98%BF%E5%B7%B4%E9%98%BF%E5%B7%B4%23,365.4万,371,2009,29
#胖东来起诉柴怼怼商业诋毁侵犯名誉权#,https://m.s.weibo.com/vtopic/detail_new?click_from=searchpc&q=%23%E8%83%96%E4%B8%9C%E6%9D%A5%E8%B5%B7%E8%AF%89%E6%9F%B4%E6%80%BC%E6%80%BC%E5%95%86%E4%B8%9A%E8%AF%8B%E6%AF%81%E4%BE%B5%E7%8A%AF%E5%90%8D%E8%AA%89%E6%9D%83%23,686.6万,792,4196,181
#吴谢宇案人性的深渊#,https://m.s.weibo.com/vtopic/detail_new?click_from=searchpc&q=%23%E5%90%B4%E8%B0%A2%E5%AE%87%E6%A1%88%E4%BA%BA%E6%80%A7%E7%9A%84%E6%B7%B1%E6%B8%8A%23,862.5万,1442,5247,50
#拜登卸任后首次接受采访#,https://m.s.weibo.com/vtopic/detail_new?click_from=searchpc&q=%23%E6%8B%9C%E7%99%BB%E5%8D%B8%E4%BB%BB%E5%90%8E%E9%A6%96%E6%AC%A1%E6%8E%A5%E5%8F%97%E9%87%87%E8%AE%BF%23,1179.2万,656,2126,163
#中方呼吁共同捍卫二战胜利成果#,https://m.s.weibo.com/vtopic/detail_new?click_from=searchpc&q=%23%E4%B8%AD%E6%96%B9%E5%91%BC%E5%90%81%E5%85%B1%E5%90%8C%E6%8D%8D%E5%8D%AB%E4%BA%8C%E6%88%98%E8%83%9C%E5%88%A9%E6%88%90%E6%9E%9C%23,396.5万,283,949,59
#中俄关系不断焕发新活力#,https://m.s.weibo.com/vtopic/detail_new?click_from=searchpc&q=%23%E4%B8%AD%E4%BF%84%E5%85%B3%E7%B3%BB%E4%B8%8D%E6%96%AD%E7%84%95%E5%8F%91%E6%96%B0%E6%B4%BB%E5%8A%9B%23,231.8万,319,1510,42
#要求刷卡老人站着公交司机被停职#,https://m.s.weibo.com/vtopic/detail_new?click_from=searchpc&q=%23%E8%A6%81%E6%B1%82%E5%88%B7%E5%8D%A1%E8%80%81%E4%BA%BA%E7%AB%99%E7%9D%80%E5%85%AC%E4%BA%A4%E5%8F%B8%E6%9C%BA%E8%A2%AB%E5%81%9C%E8%81%8C%23,1126.6万,1260,7092,193
#全美最大港口货物量暴跌#,https://m.s.weibo.com/vtopic/detail_new?click_from=searchpc&q=%23%E5%85%A8%E7%BE%8E%E6%9C%80%E5%A4%A7%E6%B8%AF%E5%8F%A3%E8%B4%A7%E7%89%A9%E9%87%8F%E6%9A%B4%E8%B7%8C%23,221.4万,139,346,37
#42岁退役军人为救人牺牲#,https://m.s.weibo.com/vtopic/detail_new?click_from=searchpc&q=%2342%E5%B2%81%E9%80%80%E5%BD%B9%E5%86%9B%E4%BA%BA%E4%B8%BA%E6%95%91%E4%BA%BA%E7%89%BA%E7%89%B2%23,428.6万,2069,8643,162
#全美最大港口繁忙不再#,https://m.s.weibo.com/vtopic/detail_new?click_from=searchpc&q=%23%E5%85%A8%E7%BE%8E%E6%9C%80%E5%A4%A7%E6%B8%AF%E5%8F%A3%E7%B9%81%E5%BF%99%E4%B8%8D%E5%86%8D%23,363.8万,162,772,24
#中俄元首继续引领两国关系登高望远#,https://m.s.weibo.com/vtopic/detail_new?click_from=searchpc&q=%23%E4%B8%AD%E4%BF%84%E5%85%83%E9%A6%96%E7%BB%A7%E7%BB%AD%E5%BC%95%E9%A2%86%E4%B8%A4%E5%9B%BD%E5%85%B3%E7%B3%BB%E7%99%BB%E9%AB%98%E6%9C%9B%E8%BF%9C%23,741.6万,364,2083,88
#搜救队排查岩壁溪谷寻找失联男童#,https://m.s.weibo.com/vtopic/detail_new?click_from=searchpc&q=%23%E6%90%9C%E6%95%91%E9%98%9F%E6%8E%92%E6%9F%A5%E5%B2%A9%E5%A3%81%E6%BA%AA%E8%B0%B7%E5%AF%BB%E6%89%BE%E5%A4%B1%E8%81%94%E7%94%B7%E7%AB%A5%23,158.4万,33,93,17
#债券市场科技板准备工作已基本就绪#,https://m.s.weibo.com/vtopic/detail_new?click_from=searchpc&q=%23%E5%80%BA%E5%88%B8%E5%B8%82%E5%9C%BA%E7%A7%91%E6%8A%80%E6%9D%BF%E5%87%86%E5%A4%87%E5%B7%A5%E4%BD%9C%E5%B7%B2%E5%9F%BA%E6%9C%AC%E5%B0%B1%E7%BB%AA%23,193万,63,219,16
#在册在世慰安妇制度受害者仅剩7人#,https://m.s.weibo.com/vtopic/detail_new?click_from=searchpc&q=%23%E5%9C%A8%E5%86%8C%E5%9C%A8%E4%B8%96%E6%85%B0%E5%AE%89%E5%A6%87%E5%88%B6%E5%BA%A6%E5%8F%97%E5%AE%B3%E8%80%85%E4%BB%85%E5%89%A97%E4%BA%BA%23,190.6万,242,668,33
#武大副教授被举报抄袭学生论文#,https://m.s.weibo.com/vtopic/detail_new?click_from=searchpc&q=%23%E6%AD%A6%E5%A4%A7%E5%89%AF%E6%95%99%E6%8E%88%E8%A2%AB%E4%B8%BE%E6%8A%A5%E6%8A%84%E8%A2%AD%E5%AD%A6%E7%94%9F%E8%AE%BA%E6%96%87%23,323.9万,305,1775,34
#中国外贸企业说要做的是挺直脊梁#,https://m.s.weibo.com/vtopic/detail_new?click_from=searchpc&q=%23%E4%B8%AD%E5%9B%BD%E5%A4%96%E8%B4%B8%E4%BC%81%E4%B8%9A%E8%AF%B4%E8%A6%81%E5%81%9A%E7%9A%84%E6%98%AF%E6%8C%BA%E7%9B%B4%E8%84%8A%E6%A2%81%23,200.7万,423,1211,61
#中方呼吁印巴双方保持冷静克制#,https://m.s.weibo.com/vtopic/detail_new?click_from=searchpc&q=%23%E4%B8%AD%E6%96%B9%E5%91%BC%E5%90%81%E5%8D%B0%E5%B7%B4%E5%8F%8C%E6%96%B9%E4%BF%9D%E6%8C%81%E5%86%B7%E9%9D%99%E5%85%8B%E5%88%B6%23,319.5万,322,957,41
#对原产印度进口氯氰菊酯实施反倾销#,https://m.s.weibo.com/vtopic/detail_new?click_from=searchpc&q=%23%E5%AF%B9%E5%8E%9F%E4%BA%A7%E5%8D%B0%E5%BA%A6%E8%BF%9B%E5%8F%A3%E6%B0%AF%E6%B0%B0%E8%8F%8A%E9%85%AF%E5%AE%9E%E6%96%BD%E5%8F%8D%E5%80%BE%E9%94%80%23,561.9万,621,2770,80
#输头孢过敏离世的女生家属发声#,https://m.s.weibo.com/vtopic/detail_new?click_from=searchpc&q=%23%E8%BE%93%E5%A4%B4%E5%AD%A2%E8%BF%87%E6%95%8F%E7%A6%BB%E4%B8%96%E7%9A%84%E5%A5%B3%E7%94%9F%E5%AE%B6%E5%B1%9E%E5%8F%91%E5%A3%B0%23,551.8万,243,1151,30
#保水虾仁4家涉事企业被罚超800万#,https://m.s.weibo.com/vtopic/detail_new?click_from=searchpc&q=%23%E4%BF%9D%E6%B0%B4%E8%99%BE%E4%BB%814%E5%AE%B6%E6%B6%89%E4%BA%8B%E4%BC%81%E4%B8%9A%E8%A2%AB%E7%BD%9A%E8%B6%85800%E4%B8%87%23,73.6万,38,109,16
#工作人员回应深圳机场发生大面积延误#,https://m.s.weibo.com/vtopic/detail_new?click_from=searchpc&q=%23%E5%B7%A5%E4%BD%9C%E4%BA%BA%E5%91%98%E5%9B%9E%E5%BA%94%E6%B7%B1%E5%9C%B3%E6%9C%BA%E5%9C%BA%E5%8F%91%E7%94%9F%E5%A4%A7%E9%9D%A2%E7%A7%AF%E5%BB%B6%E8%AF%AF%23,191.9万,466,5346,120
#美加领导人会晤#,https://m.s.weibo.com/vtopic/detail_new?click_from=searchpc&q=%23%E7%BE%8E%E5%8A%A0%E9%A2%86%E5%AF%BC%E4%BA%BA%E4%BC%9A%E6%99%A4%23,96.1万,67,334,20
#妇科论文现男性患者涉事作者被处理#,https://m.s.weibo.com/vtopic/detail_new?click_from=searchpc&q=%23%E5%A6%87%E7%A7%91%E8%AE%BA%E6%96%87%E7%8E%B0%E7%94%B7%E6%80%A7%E6%82%A3%E8%80%85%E6%B6%89%E4%BA%8B%E4%BD%9C%E8%80%85%E8%A2%AB%E5%A4%84%E7%90%86%23,166.9万,158,2578,38
#中德两国理当携手抵御疾风骤雨#,https://m.s.weibo.com/vtopic/detail_new?click_from=searchpc&q=%23%E4%B8%AD%E5%BE%B7%E4%B8%A4%E5%9B%BD%E7%90%86%E5%BD%93%E6%90%BA%E6%89%8B%E6%8A%B5%E5%BE%A1%E7%96%BE%E9%A3%8E%E9%AA%A4%E9%9B%A8%23,460.8万,513,2095,43
