rank,title,heat,reading,discussion,interaction,original,detail_url
1,淘宝免单答案清一色,1306413,671.5万,4922,7114,3358,https://m.s.weibo.com/vtopic/detail_new?click_from=searchpc&q=%E6%B7%98%E5%AE%9D%E5%85%8D%E5%8D%95%E7%AD%94%E6%A1%88%E6%B8%85%E4%B8%80%E8%89%B2
2,全红婵家新房盖好可拎包入住,681177,1087.2万,486,3176,114,https://m.s.weibo.com/vtopic/detail_new?click_from=searchpc&q=%23%E5%85%A8%E7%BA%A2%E5%A9%B5%E5%AE%B6%E6%96%B0%E6%88%BF%E7%9B%96%E5%A5%BD%E5%8F%AF%E6%8B%8E%E5%8C%85%E5%85%A5%E4%BD%8F%23
3,一图速览一揽子金融增量政策,662678,2582万,2121,4148,467,https://m.s.weibo.com/vtopic/detail_new?click_from=searchpc&q=%23%E4%B8%80%E5%9B%BE%E9%80%9F%E8%A7%88%E4%B8%80%E6%8F%BD%E5%AD%90%E9%87%91%E8%9E%8D%E5%A2%9E%E9%87%8F%E6%94%BF%E7%AD%96%23
4,泡泡玛特股份被创始股东高位清仓,653847,3373.7万,3208,1.4万,876,https://m.s.weibo.com/vtopic/detail_new?click_from=searchpc&q=%23%E6%B3%A1%E6%B3%A1%E7%8E%9B%E7%89%B9%E8%82%A1%E4%BB%BD%E8%A2%AB%E5%88%9B%E5%A7%8B%E8%82%A1%E4%B8%9C%E9%AB%98%E4%BD%8D%E6%B8%85%E4%BB%93%23
5,中央气象台连发3预警,590091,1561.8万,3625,7256,779,https://m.s.weibo.com/vtopic/detail_new?click_from=searchpc&q=%23%E4%B8%AD%E5%A4%AE%E6%B0%94%E8%B1%A1%E5%8F%B0%E8%BF%9E%E5%8F%913%E9%A2%84%E8%AD%A6%23
6,团队曝异瞳少年治沙为摆拍,577478,4035.3万,3481,2.6万,1117,https://m.s.weibo.com/vtopic/detail_new?click_from=searchpc&q=%23%E5%9B%A2%E9%98%9F%E6%9B%9D%E5%BC%82%E7%9E%B3%E5%B0%91%E5%B9%B4%E6%B2%BB%E6%B2%99%E4%B8%BA%E6%91%86%E6%8B%8D%23
7,特朗普将宣布波斯湾改称阿拉伯湾,512196,2249.5万,2074,1.3万,733,https://m.s.weibo.com/vtopic/detail_new?click_from=searchpc&q=%23%E7%89%B9%E6%9C%97%E6%99%AE%E5%B0%86%E5%AE%A3%E5%B8%83%E6%B3%A2%E6%96%AF%E6%B9%BE%E6%94%B9%E7%A7%B0%E9%98%BF%E6%8B%89%E4%BC%AF%E6%B9%BE%23
8,小女孩拿自家金饰去卖老板直接扣下,390157,1674.6万,2461,1.1万,458,https://m.s.weibo.com/vtopic/detail_new?click_from=searchpc&q=%23%E5%B0%8F%E5%A5%B3%E5%AD%A9%E6%8B%BF%E8%87%AA%E5%AE%B6%E9%87%91%E9%A5%B0%E5%8E%BB%E5%8D%96%E8%80%81%E6%9D%BF%E7%9B%B4%E6%8E%A5%E6%89%A3%E4%B8%8B%23
9,学生班级搞孤立老师坚定停课惩治,356428,6665.8万,1.3万,7万,2533,https://m.s.weibo.com/vtopic/detail_new?click_from=searchpc&q=%23%E5%AD%A6%E7%94%9F%E7%8F%AD%E7%BA%A7%E6%90%9E%E5%AD%A4%E7%AB%8B%E8%80%81%E5%B8%88%E5%9D%9A%E5%AE%9A%E5%81%9C%E8%AF%BE%E6%83%A9%E6%B2%BB%23
10,被刘嘉玲认证超级帅哥的含金量,354191,2365.1万,2.1万,7.5万,6121,https://m.s.weibo.com/vtopic/detail_new?click_from=searchpc&q=%E8%A2%AB%E5%88%98%E5%98%89%E7%8E%B2%E8%AE%A4%E8%AF%81%E8%B6%85%E7%BA%A7%E5%B8%85%E5%93%A5%E7%9A%84%E5%90%AB%E9%87%91%E9%87%8F
11,杜淳妻子发长文给未婚女生十点建议,346319,2940.7万,2245,1.1万,547,https://m.s.weibo.com/vtopic/detail_new?click_from=searchpc&q=%23%E6%9D%9C%E6%B7%B3%E5%A6%BB%E5%AD%90%E5%8F%91%E9%95%BF%E6%96%87%E7%BB%99%E6%9C%AA%E5%A9%9A%E5%A5%B3%E7%94%9F%E5%8D%81%E7%82%B9%E5%BB%BA%E8%AE%AE%23
12,印巴125架战机激战1小时,342338,866.6万,1025,7894,281,https://m.s.weibo.com/vtopic/detail_new?click_from=searchpc&q=%23%E5%8D%B0%E5%B7%B4125%E6%9E%B6%E6%88%98%E6%9C%BA%E6%BF%80%E6%88%981%E5%B0%8F%E6%97%B6%23
13,悟空,336351,2.6亿,17.1万,30.7万,2.3万,https://m.s.weibo.com/vtopic/detail_new?click_from=searchpc&q=%E6%82%9F%E7%A9%BA
14,美联储主席发布会提及关税超20次,334026,95.5万,112,227,28,https://m.s.weibo.com/vtopic/detail_new?click_from=searchpc&q=%23%E7%BE%8E%E8%81%94%E5%82%A8%E4%B8%BB%E5%B8%AD%E5%8F%91%E5%B8%83%E4%BC%9A%E6%8F%90%E5%8F%8A%E5%85%B3%E7%A8%8E%E8%B6%8520%E6%AC%A1%23
15,奈雪的茶再换logo改成奈雪,328547,4453.4万,3243,1.4万,820,https://m.s.weibo.com/vtopic/detail_new?click_from=searchpc&q=%23%E5%A5%88%E9%9B%AA%E7%9A%84%E8%8C%B6%E5%86%8D%E6%8D%A2logo%E6%94%B9%E6%88%90%E5%A5%88%E9%9B%AA%23
16,印巴局势再升级,325627,5435.8万,1.4万,7.3万,1506,https://m.s.weibo.com/vtopic/detail_new?click_from=searchpc&q=%23%E5%8D%B0%E5%B7%B4%E5%B1%80%E5%8A%BF%E5%86%8D%E5%8D%87%E7%BA%A7%23
17,谍战上不封顶 周冬雨,324306,93.8万,694,2301,226,https://m.s.weibo.com/vtopic/detail_new?click_from=searchpc&q=%E8%B0%8D%E6%88%98%E4%B8%8A%E4%B8%8D%E5%B0%81%E9%A1%B6%20%E5%91%A8%E5%86%AC%E9%9B%A8
18,丁真说演十八铜人把自己害惨了,综艺 320173,972.8万,4304,1.4万,327,https://m.s.weibo.com/vtopic/detail_new?click_from=searchpc&q=%E4%B8%81%E7%9C%9F%E8%AF%B4%E6%BC%94%E5%8D%81%E5%85%AB%E9%93%9C%E4%BA%BA%E6%8A%8A%E8%87%AA%E5%B7%B1%E5%AE%B3%E6%83%A8%E4%BA%86
19,Bin霸气发言,314847,356.5万,885,4879,84,https://m.s.weibo.com/vtopic/detail_new?click_from=searchpc&q=%23Bin%E9%9C%B8%E6%B0%94%E5%8F%91%E8%A8%80%23
20,国乒结束成都封训,311948,80.3万,51,244,22,https://m.s.weibo.com/vtopic/detail_new?click_from=searchpc&q=%23%E5%9B%BD%E4%B9%92%E7%BB%93%E6%9D%9F%E6%88%90%E9%83%BD%E5%B0%81%E8%AE%AD%23
21,女子吐槽半个玉米扣蛋挞上50元,309658,1480.1万,1703,9520,350,https://m.s.weibo.com/vtopic/detail_new?click_from=searchpc&q=%23%E5%A5%B3%E5%AD%90%E5%90%90%E6%A7%BD%E5%8D%8A%E4%B8%AA%E7%8E%89%E7%B1%B3%E6%89%A3%E8%9B%8B%E6%8C%9E%E4%B8%8A50%E5%85%83%23
22,男子辞职照顾2岁妈妈回应啃老质疑,304189,529.1万,418,3211,108,https://m.s.weibo.com/vtopic/detail_new?click_from=searchpc&q=%23%E7%94%B7%E5%AD%90%E8%BE%9E%E8%81%8C%E7%85%A7%E9%A1%BE2%E5%B2%81%E5%A6%88%E5%A6%88%E5%9B%9E%E5%BA%94%E5%95%83%E8%80%81%E8%B4%A8%E7%96%91%23
23,巴西女硕士夸日本安全次日疑遭焚尸,296428,3202.3万,1717,9965,281,https://m.s.weibo.com/vtopic/detail_new?click_from=searchpc&q=%23%E5%B7%B4%E8%A5%BF%E5%A5%B3%E7%A1%95%E5%A3%AB%E5%A4%B8%E6%97%A5%E6%9C%AC%E5%AE%89%E5%85%A8%E6%AC%A1%E6%97%A5%E7%96%91%E9%81%AD%E7%84%9A%E5%B0%B8%23
24,李冰冰于适手挽手,272874,5591.2万,1.6万,8.3万,6585,https://m.s.weibo.com/vtopic/detail_new?click_from=searchpc&q=%23%E6%9D%8E%E5%86%B0%E5%86%B0%E4%BA%8E%E9%80%82%E6%89%8B%E6%8C%BD%E6%89%8B%23
25,体检报告出现这些词要当心,267775,2120.8万,1504,8848,994,https://m.s.weibo.com/vtopic/detail_new?click_from=searchpc&q=%23%E4%BD%93%E6%A3%80%E6%8A%A5%E5%91%8A%E5%87%BA%E7%8E%B0%E8%BF%99%E4%BA%9B%E8%AF%8D%E8%A6%81%E5%BD%93%E5%BF%83%23
26,特朗普号召美国民众勒紧裤腰带,265095,1174.9万,2116,1.3万,612,https://m.s.weibo.com/vtopic/detail_new?click_from=searchpc&q=%23%E7%89%B9%E6%9C%97%E6%99%AE%E5%8F%B7%E5%8F%AC%E7%BE%8E%E5%9B%BD%E6%B0%91%E4%BC%97%E5%8B%92%E7%B4%A7%E8%A3%A4%E8%85%B0%E5%B8%A6%23
27,阳光灿烂的笑容有多治愈,253591,323.2万,4722,1.1万,382,https://m.s.weibo.com/vtopic/detail_new?click_from=searchpc&q=%23%E9%98%B3%E5%85%89%E7%81%BF%E7%83%82%E7%9A%84%E7%AC%91%E5%AE%B9%E6%9C%89%E5%A4%9A%E6%B2%BB%E6%84%88%23
28,李宏毅杨雨潼同框好养眼,232288,141.1万,6060,1.7万,506,https://m.s.weibo.com/vtopic/detail_new?click_from=searchpc&q=%E6%9D%8E%E5%AE%8F%E6%AF%85%E6%9D%A8%E9%9B%A8%E6%BD%BC%E5%90%8C%E6%A1%86%E5%A5%BD%E5%85%BB%E7%9C%BC
29,张艺兴曾发行名为酒的歌曲,音乐 225987,823.1万,1465,1.9万,314,https://m.s.weibo.com/vtopic/detail_new?click_from=searchpc&q=%23%E5%BC%A0%E8%89%BA%E5%85%B4%E6%9B%BE%E5%8F%91%E8%A1%8C%E5%90%8D%E4%B8%BA%E9%85%92%E7%9A%84%E6%AD%8C%E6%9B%B2%23
30,布云朝克特0比2达尔德里,222931,58.9万,61,150,28,https://m.s.weibo.com/vtopic/detail_new?click_from=searchpc&q=%23%E5%B8%83%E4%BA%91%E6%9C%9D%E5%85%8B%E7%89%B90%E6%AF%942%E8%BE%BE%E5%B0%94%E5%BE%B7%E9%87%8C%23
31,白鹿回老家了,220815,5938.5万,2.8万,6.5万,1.3万,https://m.s.weibo.com/vtopic/detail_new?click_from=searchpc&q=%23%E7%99%BD%E9%B9%BF%E5%9B%9E%E8%80%81%E5%AE%B6%E4%BA%86%23
32,女子上门做饭每天6单月薪近2万,218313,1078万,1904,7093,285,https://m.s.weibo.com/vtopic/detail_new?click_from=searchpc&q=%23%E5%A5%B3%E5%AD%90%E4%B8%8A%E9%97%A8%E5%81%9A%E9%A5%AD%E6%AF%8F%E5%A4%A96%E5%8D%95%E6%9C%88%E8%96%AA%E8%BF%912%E4%B8%87%23
33,外国神秘大佬来北京吃火锅,218195,298.3万,1573,3175,322,https://m.s.weibo.com/vtopic/detail_new?click_from=searchpc&q=%23%E5%A4%96%E5%9B%BD%E7%A5%9E%E7%A7%98%E5%A4%A7%E4%BD%AC%E6%9D%A5%E5%8C%97%E4%BA%AC%E5%90%83%E7%81%AB%E9%94%85%23
34,北京公积金贷款利率下调,212709,38.7万,79,96,47,https://m.s.weibo.com/vtopic/detail_new?click_from=searchpc&q=%23%E5%8C%97%E4%BA%AC%E5%85%AC%E7%A7%AF%E9%87%91%E8%B4%B7%E6%AC%BE%E5%88%A9%E7%8E%87%E4%B8%8B%E8%B0%83%23
35,小米汽车,208412,13.1亿,125.7万,405.6万,10.2万,https://m.s.weibo.com/vtopic/detail_new?click_from=searchpc&q=%E5%B0%8F%E7%B1%B3%E6%B1%BD%E8%BD%A6
36,小米SU7 Ultra量产版,186732,14.5万,109,271,40,https://m.s.weibo.com/vtopic/detail_new?click_from=searchpc&q=%E5%B0%8F%E7%B1%B3SU7%20Ultra%E9%87%8F%E4%BA%A7%E7%89%88
37,直播间卖土鸡结果土是商标名,150342,4661.1万,5243,2.2万,1161,https://m.s.weibo.com/vtopic/detail_new?click_from=searchpc&q=%23%E7%9B%B4%E6%92%AD%E9%97%B4%E5%8D%96%E5%9C%9F%E9%B8%A1%E7%BB%93%E6%9E%9C%E5%9C%9F%E6%98%AF%E5%95%86%E6%A0%87%E5%90%8D%23
38,奈雪内部人士回应改名,146838,200万,36,99,21,https://m.s.weibo.com/vtopic/detail_new?click_from=searchpc&q=%23%E5%A5%88%E9%9B%AA%E5%86%85%E9%83%A8%E4%BA%BA%E5%A3%AB%E5%9B%9E%E5%BA%94%E6%94%B9%E5%90%8D%23
39,印巴背后或涉及中美博弈,138796,99.3万,387,1364,102,https://m.s.weibo.com/vtopic/detail_new?click_from=searchpc&q=%E5%8D%B0%E5%B7%B4%E8%83%8C%E5%90%8E%E6%88%96%E6%B6%89%E5%8F%8A%E4%B8%AD%E7%BE%8E%E5%8D%9A%E5%BC%88
40,易烊千玺网站更新,130484,4.5亿,50.9万,128.9万,5万,https://m.s.weibo.com/vtopic/detail_new?click_from=searchpc&q=%23%E6%98%93%E7%83%8A%E5%8D%83%E7%8E%BA%E7%BD%91%E7%AB%99%E6%9B%B4%E6%96%B0%23
41,乘务员错把酒当水倒给3岁小孩,129488,234.1万,71,209,20,https://m.s.weibo.com/vtopic/detail_new?click_from=searchpc&q=%23%E4%B9%98%E5%8A%A1%E5%91%98%E9%94%99%E6%8A%8A%E9%85%92%E5%BD%93%E6%B0%B4%E5%80%92%E7%BB%993%E5%B2%81%E5%B0%8F%E5%AD%A9%23
42,中国留学生在马来西亚遭绑架后获救,120945,359.7万,183,1207,37,https://m.s.weibo.com/vtopic/detail_new?click_from=searchpc&q=%23%E4%B8%AD%E5%9B%BD%E7%95%99%E5%AD%A6%E7%94%9F%E5%9C%A8%E9%A9%AC%E6%9D%A5%E8%A5%BF%E4%BA%9A%E9%81%AD%E7%BB%91%E6%9E%B6%E5%90%8E%E8%8E%B7%E6%95%91%23
43,鲜枣的维C含量是苹果的近百倍,120379,142万,416,695,100,https://m.s.weibo.com/vtopic/detail_new?click_from=searchpc&q=%23%E9%B2%9C%E6%9E%A3%E7%9A%84%E7%BB%B4C%E5%90%AB%E9%87%8F%E6%98%AF%E8%8B%B9%E6%9E%9C%E7%9A%84%E8%BF%91%E7%99%BE%E5%80%8D%23
44,美联储宣布维持基准利率不变,115155,2005.7万,4920,1.4万,726,https://m.s.weibo.com/vtopic/detail_new?click_from=searchpc&q=%23%E7%BE%8E%E8%81%94%E5%82%A8%E5%AE%A3%E5%B8%83%E7%BB%B4%E6%8C%81%E5%9F%BA%E5%87%86%E5%88%A9%E7%8E%87%E4%B8%8D%E5%8F%98%23
45,清一色,112971,3718.2万,3.7万,5.5万,1.8万,https://m.s.weibo.com/vtopic/detail_new?click_from=searchpc&q=%E6%B8%85%E4%B8%80%E8%89%B2
46,泡泡玛特大跌超5%,111368,130.5万,50,127,41,https://m.s.weibo.com/vtopic/detail_new?click_from=searchpc&q=%23%E6%B3%A1%E6%B3%A1%E7%8E%9B%E7%89%B9%E5%A4%A7%E8%B7%8C%E8%B6%855%25%23
47,江苏将有8级以上阵风,105883,316.8万,218,424,83,https://m.s.weibo.com/vtopic/detail_new?click_from=searchpc&q=%23%E6%B1%9F%E8%8B%8F%E5%B0%86%E6%9C%898%E7%BA%A7%E4%BB%A5%E4%B8%8A%E9%98%B5%E9%A3%8E%23
48,全款140万捡漏230平房子,104164,1307万,1358,5353,309,https://m.s.weibo.com/vtopic/detail_new?click_from=searchpc&q=%E5%85%A8%E6%AC%BE140%E4%B8%87%E6%8D%A1%E6%BC%8F230%E5%B9%B3%E6%88%BF%E5%AD%90
49,俄罗斯政府高级官员热情迎接,101979,561.7万,347,2435,60,https://m.s.weibo.com/vtopic/detail_new?click_from=searchpc&q=%23%E4%BF%84%E7%BD%97%E6%96%AF%E6%94%BF%E5%BA%9C%E9%AB%98%E7%BA%A7%E5%AE%98%E5%91%98%E7%83%AD%E6%83%85%E8%BF%8E%E6%8E%A5%23
50,小猫也会有自己最偏爱的人,99663,213.6万,791,1512,79,https://m.s.weibo.com/vtopic/detail_new?click_from=searchpc&q=%23%E5%B0%8F%E7%8C%AB%E4%B9%9F%E4%BC%9A%E6%9C%89%E8%87%AA%E5%B7%B1%E6%9C%80%E5%81%8F%E7%88%B1%E7%9A%84%E4%BA%BA%23
