用户名,评论信息,评论内容
,,
,,
黄**8,2025年3月17日 · F87 Pro 月影粉霞-灰木轴V4,剑三很漂亮 打游戏的时候用起来敲击声很不错 键盘光也挺喜欢的 做工也不错 就是需要适应新键盘一下 有时候会按错技能
t**9,2025年3月23日 · F87 乌野橘光-太空金轴,整体评价：国补后126拿到的，F87（没有pro），整体只能是还行，这个价格的三模。 按压触感：键的稳定性肯定不如200左右以及往上的，想体验好点建议价钱（买过狼蛛F75好很多）。声音不算小，个人觉得不会太吵，中规中矩。
时**衷,2025年4月4日 · F87 Pro 白等高线10000mAh-极智轴,狼蛛的键盘还是很好的，第一次购买很惊喜，等高线真的太帅了，看这灯光，打字音也很HiFi麻将音，音乐律动也有，客服服务也很好，一次满意的购物
t**0,2025年3月30日 · F87 Pro 月影粉霞-灰木轴V4,包装很丰富，很认真，手感很好，用久了指头也不疼，侧刻高级感满满，性价比拉满，太牛了
c**8,2025年3月29日 · F87 乌野橘光-太空金轴,非常之牛*，声音很好听是我喜欢的那种麻将音w轴比较软敲也起来不费劲。唯一美中不足的就是键盘比较高以及键程比较长，不搭个腕托的话有点费手呐。这个价格太绝了
p**e,2025年3月24日 · F87 Pro 白等高线10000mAh-极智轴,现在国产的键盘做的越来越好了，丝毫不输大厂，虽然没有大厂的牌子硬气，可是它便宜啊家人们，只要三百不到，能体验到高端机械键盘的乐趣，而且感觉超赞，何乐而不为。收到立马换好新键帽送女朋友。
红**红,2025年3月9日 · F87 Pro 落日海岸-灵动轴V3,好喜欢😻！颜值很高，声音也是我很喜欢的那种有点闷的麻将音！这个价位已经超级满意了捏！
t**颜,2025年3月22日 · F87 Pro 黑等高线10000mAh-极智轴,"很不错好看，声音合适续航杠杠的,要是有一个相同配置的小键盘我觉得就是神了！ 希望出个相同配置的小键盘"
t**7,2025年3月17日 · F87 Pro 时空秘境-灰木轴V4,此用户没有填写评价。
t**2,2025年3月4日 · F87 Pro 月影粉霞-灰木轴V4,到货了，已经用了一天，目前来说，这个键盘确实挺不错的，手感方面这个灰木轴确实优秀，就是有一点有一个问题，它上面比黑色的键帽，因为是侧刻嘛，感觉亮度没有前面粉色部分的亮，我是第一次用侧刻的，视觉方面也没有很大影响，颜值方面也确实能打
t**2,2025年3月14日 · F87 Pro 月影粉霞-灰木轴V4,还可以，玩游戏还可以，但是买完超七天就有国补降价有点背刺了，15天的价保不包括国补，大家可以在低点入手
l**5,2025年4月1日 · F87 Pro 月影粉霞-灰木轴V4,超级好看 男朋友也很喜欢 颜值高又好用 很有重量 送礼好物
钟**6,2025年3月29日 · F87 乌野橘光-太空金轴,整体评价：很好 连接速度：快，蓝牙模式很快 外观体验：好看呐 响应速度：快
t**5,2025年3月28日 · F87 Pro 月影粉霞-灰木轴V4,狼蛛键盘非常好，换个键帽，绝了，声音麻将音，耳朵都快怀孕了😍
t**2,2025年3月11日 · F87 Pro 星际迷航-灰木轴V4,键盘手感很不错，性价比非常可以，打游戏嘎嘎爽
t**7,2025年3月26日 · F87 Pro 月影粉霞10000mAh-极智轴,客服很耐心键盘颜值很高很好看灯光可以自己调问客服要驱动程序就好了
t**5,2025年3月26日 · F87 Pro 时空秘境-太空金轴,这个价钱能买到最好的了，键盘声音也好听，推荐推荐
我**荡,2025年3月25日 · F87 Pro 蔚蓝星海-灰木轴V4,按键灵敏，连接快速！
纸**0,2025年3月9日 · F87 Pro 星际迷航-灰木轴V4,这款商品太棒啦!质量超赞，用起来顺手又舒心，完全满足我的需求，体验感超棒，必须给个好评!
f**n,2025年2月19日 · F87 Pro 月影粉霞-灰木轴V4,哈哈，太喜欢了，这款粉色键盘深得我心，三十几岁老姐姐太满意了。键盘的牌子是老公推荐的，他说要选专门做键盘的，然后颜色是自己选的，到手很漂亮，主要灯光效果很好看，随意变换，好爱啊。上班的心情都变好了，这款太适合女生啦！赞赞赞，希望可以用久一点，质感很不错，很重，反正我的需求就是上班用，不打游戏，足够啦。灯光很喜欢很喜欢很喜欢
t**1,2025年3月8日 · F87 Pro 时空秘境-太空金轴,此用户没有填写评价。
t**8,2025年3月7日 · F87 Pro 月影粉霞-灰木轴V4,灯光十分赞，下载驱动会随音乐变换，客服回复也十分迅速
深**6,2025年2月18日 · F87 Pro 月影粉霞-灰木轴V4,质感太棒了，收到之后打开盒子就是亮的，键盘比较沉，敲击很清脆，手感非常好！！！灯光模式很多，都很漂亮！作为我的第一款机械键盘，我给100分！
t**9,2025年3月6日 · F87 乌野橘光-太空金轴,按键声音好听，不会很吵，就是键帽安得太紧了，我换键帽的时候老是把轴拔出来。换了个键帽更好看了！
t**8,2025年3月18日 · F87 Pro 落日海岸-灵动轴V3,初体验非常不错！感觉上一个罗技k855键盘的出厂质量并不高，于是昨天搜索键盘，一眼就看上这款狼蛛键盘并下单，现在已换上这款狼蛛牌键盘了…很早以前也有用过狼蛛的一款鼠标，当时也是非常的喜欢！没想到现在又用上键盘了，真的是太怀旧了！关键是还有国补，性价比拉满！相信这款键盘会稳定发挥的，又可以好好的码字啦！
橘**酷,2025年4月14日 · F87 Pro 紫晶微光-灰木轴V4,家人推荐的，超级好用，工作利器，炫酷的RGB灯，为书桌平添一份光彩
烤**斑,2025年3月16日 · F87 Pro 时空秘境-太空金轴,真的超级喜欢，质量非常好，与卖家描述的一致！
星**丘,2025年4月10日 · F87 Pro 月影粉霞10000mAh-极智轴,第一次用机械键盘，手感很好特别喜欢
t**0,2025年4月1日 · F87 Pro 时空秘境-太空金轴,挺好的 物流是一坨 包装盒都凹下去了
t**2,2025年4月1日 · F87 Pro 月影粉霞-灰木轴V4,很好看，很炫酷。喜欢。推荐，声音也好听
t**3,2025年2月28日 · F87 乌野橘光-太空金轴,这质感太好了配色也很好看是线性轴麻将音声音很小快速触底才有声音rgb也好好看而且全热插拔可以diy可玩度很高 对得起这个价格 非常的nice
t**6,2025年2月27日 · F87 Pro 时空秘境-太空金轴,手感柔软 挺轻盈的 按键音也挺舒服 目前没啥问题
江**子,2025年2月12日 · F87 乌野橘光-太空金轴,手感相当好，按键工艺很好做的很紧，拆了键帽换了一套更满意了，今天带去公司用了体验很好。还有配套送了拔键器和轴，我是拔完了才发现的哈哈哈。客服很有耐心，有问必答，上一套狼蛛的键盘我就很喜欢，这次买了三模也没有失望
川**n,2025年3月24日 · F87 乌野橘光-太空金轴,整体目前用下来还蛮不错的。小白简单做了下功课，觉得声音和性价比都很不错就入了，买的时候没看名字，买回来才发现配色居然是乌野的配色，还蛮巧的，嘿嘿喜欢
￥**诺,2025年3月23日 · F87 乌野橘光-太空金轴,挺好的 手感不错 这个价格这个键盘可以的
t**9,2025年3月23日 · F87 Pro 月影粉霞-灰木轴V4,配件齐全，质感ok。键盘1kg左右，拿在手里很有质感。我尝试了三种方式连接都可以
非**驼,2025年3月7日 · F87 乌野橘光-太空金轴,手感很棒，也是换了新的轴体，就等键帽啦！ 外观简约大气，灯光效果炫酷，非常满意！ 好评好评好评好评好评！
小**夏,2025年3月21日 · F87 Pro 星际迷航-灰木轴V4,好用，键盘翘起来很有质感
老**l,2025年3月18日 · F87 Pro 时空秘境-灰木轴V4,换了喜欢的凯华知夏轴 手感喜欢多了 性价比超高的牌子 客服也迅速
t**0,2025年3月18日 · F87 Pro 黑等高线10000mAh-极智轴,这款商品的质量出色，材质高端，工艺精湛。无论是日常使用还是长期保存，都能保持良好的状态。
1**卜,2025年2月14日 · F87 Pro 星际迷航-灰木轴V4,还不错，空格会有空腔声音，送的拔轴器，会在键帽上留下瑕疵，这个价格塑料的质感也正常吧，挺满意了。
二**二,2025年3月2日 · F87 Pro 白等高线10000mAh-极智轴,超帅的等高线，键盘手感很好，没得说，挑好几天果然没啥问题，冲冲冲
t**7,2025年4月10日 · F87 Pro 星际迷航-灰木轴V4,质量很不错，这是我第二次买这个型号的键盘，拿来放在工位用
t**5,2025年4月7日 · F87 Pro 月影粉霞-灰木轴V4,此用户没有填写评价。
b**y,2025年4月6日 · F87 Pro 时空秘境-太空金轴,此用户没有填写评价。
t**3,2025年4月6日 · F87 Pro 蔚蓝星海-灰木轴V4,手感很好，其次灵敏度挺高，适合打游戏，办公的话可能是我不熟练吧容易误触
t**4,2025年2月20日 · F87 Pro 时空秘境-灰木轴V4,键盘很好用，手感很好，可以自己去狼蛛官网下驱动 然后塘下的中通就是史，4.5公里拖了近两天，然后下午六点送货的特意卡到11点近12点发信息凑够两天，有图有真相
朱**吗,2025年4月5日 · F87 乌野橘光-太空金轴,物流速度快，包装严实，键盘没有损坏。键盘外观简洁大方，质感好，手感重。红轴手感顺滑，声音清脆，适合长时间打字。键帽材质细腻，字符清晰，不易磨损。背光炫酷，多种模式可选，夜间氛围感十足。
t**2,2025年3月12日 · F87 Pro 星际迷航-灰木轴V4,很喜欢这个键盘，手感很好
小**菜,2025年2月19日 · F87 Pro 月影粉霞-灰木轴V4,非常好的 不管是从外观还是使用感受物超所值 用来打游戏非常可以
梦**量,2025年4月1日 · F87 Pro 月影粉霞10000mAh-极智轴,之前用的茶轴，这次用线性轴怕用不惯，但是上手的感觉意外的好👍，每天下班打打游戏用了将近一个礼拜还是满电，续航还是很给力的（我用的最弱亮度），后面感觉灯效五颜六色有点扎眼，问过客服调成纯白色感觉好看多了。
g**i,2025年3月11日 · F87 Pro 时空秘境-太空金轴,挺好的…
t**9,2025年3月30日 · F87 Pro 黑等高线10000mAh-极智轴,声音很好听，反应很灵敏rgb很好看按着很舒服
m**6,2025年3月10日 · F87 Pro 时空秘境-灰木轴V4,用了一会 手感还可以 不是很吵那样 唯一的遗憾是我自己没有注意这个键盘是不带数字键的 主要办公使用 忽略了这是个游戏键盘 颜值没的说
又**3,2025年3月28日 · F87 乌野橘光-太空金轴,收到后迫不及待的拆箱了，手感和声音都超喜欢的
p**烤,2025年3月27日 · F87 Pro 月影粉霞10000mAh-极智轴,特别酷听起来声音特别爽
t**0,2025年2月10日 · F87 Pro 时空秘境-灰木轴V4,这款键盘放在购物车很久了，前段时间去弟弟家看到实物，手感声音颜值各方面都很不错，果断买了回来，真的物有所值
t**3,2025年3月26日 · F87 Pro 时空秘境-灰木轴V4,国补下单，实惠，声音好听！！！
t**1,2025年3月8日 · F87 Pro 月影粉霞-灰木轴V4,还是很满意的，颜色我也喜欢，敲键盘的声音也比较喜欢，可以的
t**1,2025年3月22日 · F87 Pro 时空秘境-太空金轴,键盘手感不赖，好的呢。原键帽就挺好的，家里多了套键帽，就换上试试，还不赖
g**n,2025年2月15日 · F87 Pro 月影粉霞-灰木轴V4,键盘收到货之后，同学都说好看，炫酷，而且是茶轴类型，按起来很舒服
t**1,2025年2月23日 · F87 Pro 时空秘境-灰木轴V4,手感很好，颜值担当，非常好用，客服也非常耐心
一**9,2025年3月20日 · F87 Pro 星际迷航-灰木轴V4,好看的。按键很舒服。解压
t**4,2025年3月4日 · F87 Pro 星际迷航-灰木轴V4,用起来很舒服，按键声音也很好听，像麻将块碰撞在一起一样，颜值也很在线，这是我的第一款键盘，朋友推荐的，上手之后直接爱上了
t**8,2025年3月4日 · F87 乌野橘光-太空金轴,"键盘的牌子是老公推荐的,灯效找客服拿的链接遇到问题很快帮我解决了,客服很有耐心,上班的心情都变好了,按起来很舒服,按键声音适中,键盘灯光也很炫酷,手感也不错,灯光也可以自己调"
t**3,2025年3月3日 · F87 Pro 黑等高线10000mAh-极智轴,实际体验极好，灯效声音和手感都极为优秀
化**风,2025年2月20日 · F87 乌野橘光-太空金轴,第一次买机械键盘，体验确实挺不错的。这个rgb灯我很喜欢，按键声音适中。
t**4,2025年3月14日 · F87 Pro 星际迷航-灰木轴V4,敲击感无敌了，狼蛛忠实爱好者
t**2,2025年2月19日 · F87 Pro 月影粉霞-灰木轴V4,键盘非常好用 建议大家购买 很好好很好很好
9**n,2025年4月15日 · F87 Pro 星际迷航-灰木轴V4,一个字，帅，不过104转87输数字的时候还是有点难受的☝🏻️🤓
t**1,2025年2月28日 · F87 Pro 蔚蓝星海-灰木轴V4,绝美哈我只能说，涟漪扩散真的美鼠了，2.4g那个模式和按连线键盘没区别了，回弹超快巨适合打游戏
穆**w,2025年3月13日 · F87 乌野橘光-太空金轴,换了键帽，使用感还不错，就是换键帽的时候经常会连根拔起所以换的时候有些费劲，希望改进一下
t**2,2025年2月18日 · F87 Pro 月影粉霞-灰木轴V4,实物真的很好看啊！手感也不错，很推荐
y**0,2025年2月4日 · F87 Pro 时空秘境-太空金轴,这次购物体验超棒，商品性价比高，质量优秀。物流高效快捷，商家服务周到，售后完善。 客服荣荣服务态度很好。P键有划痕联系客服补发了，键盘出了外壳不能拆下来其余都很不错
买**4,2025年3月11日 · F87 Pro 时空秘境-太空金轴,源源服务很好，快递很快，
t**7,2025年2月26日 · F87 Pro 星际迷航-灰木轴V4,手感和颜值都挺好，之前只用过薄膜键盘，用了这个更喜欢敲代码了。
原**蓝,2025年4月2日 · F87 Pro 落日海岸-灵动轴V3,闷脆的声音，很喜欢
t**9,2025年4月1日 · F87 Pro 黑等高线10000mAh-极智轴,性价比可以的，就是下了个驱动差点变砖🧱，不建议搞驱动，驱动太史了，希望不会坏吧
j**h,2025年3月31日 · F87 Pro 紫晶微光-灰木轴V4,键盘好用，也好看，宏也好用，但是客服有点好笑
心**额,2025年2月25日 · F87 Pro 时空秘境-灰木轴V4,可以的，打字声音很舒服
t**3,2025年3月30日 · F87 Pro 时空秘境-太空金轴,键盘可以，触感可以，没啥问题。
魔**i,2025年3月28日 · F87 Pro 蔚蓝星海-灰木轴V4,好用，2.4g也没啥问题，拆开白色边框有点小瑕疵，我不是完美主义，一点点没啥毛病懒得管
t**6,2025年2月24日 · F87 Pro 黑等高线10000mAh-极智轴,非常好用，按键声音也特别好听，响应速度快
w**妈,2025年2月15日 · F87 Pro 时空秘境-灰木轴V4,对我来说键盘敲击声比较安静，键盘灯光也很炫酷，售后服务也很👍，值得购买
t**8,2025年2月15日 · F87 乌野橘光-太空金轴,手感不错，灯光也不错。
t**6,2025年3月27日 · F87 Pro 月影粉霞-灰木轴V4,产品设计别出心裁，让人眼前一亮。质量上乘，。商家服务态度不错，配货迅速，还送了小礼物，真心不错！
t**5,2025年2月6日 · F87 Pro 紫晶微光-灰木轴V4,刚到手就感受到质量了。手感很好，听着声音大其实是手机录音问题，实际上声音刚刚好，几十种背光效果也符合预期
t**4,2025年3月21日 · F87 乌野橘光-太空金轴,手感挺不错的音效什么的都很好值得入手
t**8,2025年3月21日 · F87 Pro 蔚蓝星海-灰木轴V4,不错不错，国补后只需211入手，虽然dy前段时间199，但也还不错了
李**y,2025年3月20日 · F87 Pro 时空秘境-灰木轴V4,按键较软，打游戏需要时间适应，打字很舒适，麻将音。键盘比较厚，女生最好是配一个腕托，要不用久了可能腱鞘炎。
t**6,2025年3月20日 · F87 Pro 月影粉霞-灰木轴V4,响度OK的，就是有时候会不灵敏，光的话……emmm，想要更多好看点的，外表很好看
j**5,2025年2月5日 · F87 Pro 星际迷航-灰木轴V4,第二把了，总体来说手感很不错，我自己买了凯华的冰淇淋轴来更换主要按键。
t**5,2025年3月19日 · F87 Pro 月影粉霞10000mAh-极智轴,手感很nice 目前折扣，还是比较值得入手的
9**t,2025年2月20日 · F87 Pro 时空秘境-灰木轴V4,非常满意，性价比高，分量很重，用料扎实！
t**9,2025年3月18日 · F87 Pro 时空秘境-灰木轴V4,不错 挺骚的 手感还可以 要是键帽有原配雾透侧刻就更好了
t**0,2025年3月17日 · F87 Pro 白等高线10000mAh-极智轴,手感挺好，看着挺舒服，灯光氛围很足
z**0,2025年2月27日 · F87 Pro 月影粉霞-灰木轴V4,颜值使用这方面还是可以的，手感不错
许**y,2025年2月27日 · F87 Pro 星际迷航-灰木轴V4,很帅的键盘 实用性很强
t**9,2025年3月13日 · F87 Pro 紫晶微光-灰木轴V4,手感还不错，最喜欢点亮的灯效，很帅！
大**产,2025年3月13日 · F87 Pro 落日海岸-灵动轴V3,颜色好看，输入也很有感觉。刚玩机械键盘算是很不错的入门款吧
c**9,2025年3月13日 · F87 乌野橘光-太空金轴,手感很好，很满意
t**3,2025年3月12日 · F87 乌野橘光-太空金轴,键盘很好用 自带键帽也很舒服 客服很好 还可以补键帽
d**1,2025年4月12日 · F87 Pro 时空秘境-灰木轴V4,键盘的灯光挺好看的，键盘声音也挺小的不会影响休息
黑**平,2025年2月8日 · F87 乌野橘光-太空金轴,用了两天，感觉很不错，颜值很高，按键也舒服。
t**8,2025年2月1日 · F87 Pro 时空秘境-灰木轴V4,个人感觉声音比较大，但是听着挺舒服的，然后手感也不错，灯光也可以自己调
杰**7,2025年2月15日 · F87 Pro 月影粉霞-灰木轴V4,整体评价：外观很好看，高端霸气上档次，按键声音也很舒服， 连接速度：不管是2.4G，蓝牙还是有限链接速度都很快，随意切换毫秒即连，也送了轴体键和热插拔工具。 产品材质：整重还是蛮重的，而且支架也做到了分体两段支撑，可以很好的调节属于自己的手掌姿势 响应速度：很快
t**8,2025年2月7日 · F87 Pro 星际迷航-灰木轴V4,按压触感：很像巧克力 产品材质：质感很好手感非常沉重，完全没有塑料的轻感
学**m,2025年2月24日 · F87 Pro 月影粉霞-灰木轴V4,好漂亮——！手感也很好，第一次买机械键盘！
t**9,2025年3月9日 · F87 Pro 时空秘境-太空金轴,手感非常得好
t**4,2025年3月9日 · F87 Pro 星际迷航-灰木轴V4,还不错，挺好用的，颜值也好看
良**一,2025年3月9日 · F87 Pro 时空秘境-太空金轴,第二次，购买了，用起来很舒服，很好太空金轴声音很好听，打游戏按起来不累手，按键回弹效果很好
t**7,2025年3月8日 · F87 Pro 星际迷航-灰木轴V4,发货很快，一天就到了，但孩子们，出暴击了⊙ω⊙
朽**二,2025年3月31日 · F87 乌野橘光-太空金轴,颜值高，手感很棒
起**秒,2025年2月23日 · F87 Pro 落日海岸-灵动轴V3,很好用，第二次回购了，声音好听运行无问题👍
t**9,2025年3月30日 · F87 Pro 月影粉霞-灰木轴V4,很有分量 手感也可以 推荐👍
t**2,2025年3月29日 · F87 乌野橘光-太空金轴,非常好用的键盘，自己重新换了键帽，很喜欢
t**6,2025年3月6日 · F87 Pro 蔚蓝星海-灰木轴V4,颜色很漂亮轴音也不错，外观也很好看，很满意。
t**3,2025年3月26日 · F87 Pro 时空秘境-灰木轴V4,声音和手感都很舒服
t**0,2025年2月12日 · F87 Pro 星际迷航-灰木轴V4,这款键盘非常非常好用！但是办公室用还是有点吵了，家用就非常好！
u**f,2025年2月12日 · F87 Pro 落日海岸-灵动轴V3,还说啥啊，确实不错的东西，家里第二把狼蛛f87pro，我先用了一年，现在又给老婆买了一把，支持好产品
杨**8,2025年3月25日 · F87 乌野橘光-太空金轴,此用户没有填写评价。
t**7,2025年3月25日 · F87 Pro 时空秘境-太空金轴,"手感very nice,这钱花值了"
t**2,2025年3月24日 · F87 Pro 时空秘境-灰木轴V4,商品挺好，客服也很负责，服务态度可以
l**n,2025年3月24日 · F87 Pro 时空秘境-太空金轴,总体来说不错，但还是希望能多用点时间，机械键盘单键失效和串键碰到好几个了，既有各种国产键盘，也有像樱桃这样的上千元的大牌
夏**5,2025年3月24日 · F87 Pro 时空秘境-太空金轴,灰色渐变色挺好看，还不错
t**4,2025年2月4日 · F87 Pro 月影粉霞-灰木轴V4,很好看，键盘声音也好听
t**4,2025年3月4日 · F87 Pro 时空秘境-太空金轴,好爽好帅好炫酷😃手感很好，键盘对女生来说有点沉了，声音不小但是好听(？预算不多可以冲这款👍
c**p,2025年3月23日 · F87 Pro 蔚蓝星海-灰木轴V4,直接买就行了，键盘真的不错。服务也很好，客服也很好。
t**7,2025年2月11日 · F87 Pro 星际迷航-灰木轴V4,键盘感觉不错，压力差不多正合适，
龙**y,2025年3月20日 · F87 Pro 时空秘境-灰木轴V4,键盘声音轻，按键舒服
t**0,2025年3月2日 · F87 乌野橘光-太空金轴,非常好用，灯光也好看，手感真的不错。
小**活,2025年3月1日 · F87 Pro 月影粉霞-灰木轴V4,挺好的解答很快
y**g,2025年2月9日 · F87 Pro 白等高线10000mAh-极智轴,"""它承载着银河锻铁匠的淬火意志，每一道弧线都是坍缩星云的记忆重铸，金属表面流淌着超新星爆发时的钛银辉光，精密齿轮啮合声里回响着猎户座悬臂的古老歌谣。"""
t**9,2025年3月18日 · F87 Pro 月影粉霞-灰木轴V4,此用户没有填写评价。
声**3,2025年2月17日 · F87 乌野橘光-太空金轴,我对这个产品的质量和手感都非常满意，卖家的服务也非常好，下次还会再来购买。
杨**6,2025年2月28日 · F87 Pro 时空秘境-太空金轴,无敌神中神，颜值与实力并存，声音巨好听
n**r,2025年1月26日 · F87 Pro 落日海岸-灵动轴V3,好用，手感很特别，声音好听，办公室打字绰绰有余
t**3,2025年2月27日 · F87 Pro 月影粉霞10000mAh-极智轴,客服态度很好 键盘颜值也好
t**8,2025年2月27日 · F87 Pro 时空秘境-灰木轴V4,键盘的灵敏度跟手感都很不错，值得购买
t**3,2025年3月14日 · F87 Pro 蔚蓝星海-灰木轴V4,很好，第一买键盘感觉很好
t**6,2025年3月14日 · F87 Pro 时空秘境-太空金轴,手感超好，女朋友送的，特别好用
t**2,2025年2月7日 · F87 Pro 蔚蓝星海-灰木轴V4,在用了，触发很灵敏，但对我有些过于灵敏了，灯光配置很不错。
t**1,2025年2月26日 · F87 Pro 时空秘境-灰木轴V4,**手感是真的好，漂亮！ 太喜欢了
乐**8,2025年3月13日 · F87 乌野橘光-太空金轴,不错的的一次购物，物有所值。
t**4,2025年2月25日 · F87 Pro 白等高线10000mAh-极智轴,手感清脆，麻将音特别好听，键盘跟手
j**8,2025年2月25日 · F87 Pro 时空秘境-太空金轴,送你男朋友的情人节礼物，他超喜欢，灯光设置很丰富，玩的不亦乐乎，按键声音反馈也不错，很舒服，总之超满意
t**4,2025年3月11日 · F87 Pro 时空秘境-灰木轴V4,男朋友很喜欢🌚
t**8,2025年2月5日 · F87 乌野橘光-太空金轴,很好看，用起来也不错，键盘还是选狼蛛这样的大牌子
t**6,2025年4月14日 · F87 Pro 紫晶微光-灰木轴V4,首发买的f87用到现在的pro真挺不错的
t**4,2025年2月23日 · F87 Pro 月影粉霞10000mAh-极智轴,手感一流很帅没得说 太赞了给跨屎也买了一个两人偷偷用情侣款🤓🤓🤓
x**4,2025年2月23日 · F87 Pro 月影粉霞-灰木轴V4,用着还可以中规中矩，轴体的声音好听
e**2,2025年2月23日 · F87 Pro 时空秘境-灰木轴V4,不錯，個人感受手感&質素大&打感很棒，是我要的
q**5,2025年3月9日 · F87 乌野橘光-太空金轴,用了几天了，手感还不错，这个价位总体上物有所值，就是不知道质量怎么样。 给个全五星好评，有问题了再来追评。
高**士,2025年4月9日 · F87 乌野橘光-太空金轴,还不错，暂时没啥问题。
t**7,2025年2月4日 · F87 Pro 落日海岸-灵动轴V3,手感很好声音也好听
t**4,2025年3月8日 · F87 Pro 星际迷航-灰木轴V4,非常好，手感也很好
糖**i,2025年4月4日 · F87 Pro 紫晶微光-灰木轴V4,做了功课给对象买的，他挺喜欢的，按下去触发很快，可以买渐变鼠标垫配一套很搭。
t**3,2025年4月4日 · F87 乌野橘光-太空金轴,键盘好用，客服的售后服务也很好
t**6,2025年2月11日 · F87 Pro 星际迷航-灰木轴V4,太好听了这个键盘声😳
t**6,2025年4月1日 · F87 Pro 落日海岸-灵动轴V3,第一次买键盘 配色清新 手感好
t**1,2025年3月31日 · F87 Pro 星际迷航-灰木轴V4,太帅了，声音很脆，反应挺快的
t**2,2025年3月6日 · F87 Pro 时空秘境-太空金轴,客服很好，发货也很快，客服好
y**q,2025年3月6日 · F87 Pro 紫晶微光-灰木轴V4,非常不错，麻将音，手感也好
c**p,2025年3月29日 · F87 Pro 蔚蓝星海-灰木轴V4,键盘好，客服服务好。闭眼入
z**2,2025年2月10日 · F87 乌野橘光-太空金轴,背面上漆无毛刺平滑上档次
t**4,2025年3月27日 · F87 乌野橘光-太空金轴,此用户没有填写评价。
t**9,2025年2月19日 · F87 Pro 时空秘境-太空金轴,键盘很好用 就是收到货了，不知道为什么少了q和-两个键帽。不过客服很给力，及时补发了缺失的键帽
霁**代,2025年3月4日 · F87 Pro 月影粉霞-灰木轴V4,黑粉配色非常好看！！特别喜欢
赵**圈,2025年3月4日 · F87 Pro 月影粉霞10000mAh-极智轴,只能说很好看，声音也好，女孩子用嘎嘎好
安**7,2025年3月26日 · F87 Pro 紫晶微光-灰木轴V4,妹妹说紫色很有韵味
t**3,2025年2月9日 · F87 Pro 星际迷航-灰木轴V4,雀食挺不错的，麻将音敲起来很舒服，弹弹的感觉，配色和字样很协调美观
忘**9,2025年3月3日 · F87 Pro 白等高线10000mAh-极智轴,键盘很好，灯光效果好，性价比很高，很愉快的一次购物，全5星好评
b**9,2025年2月18日 · F87 Pro 月影粉霞-灰木轴V4,颜色很美，这个轴对于经常码字的人来说应该挺舒服的，喜欢有回弹手感的话，可能要自己换个轴，总体来说我很喜欢
t**3,2025年3月24日 · F87 Pro 时空秘境-太空金轴,手感挺好，跟图上描述的一样，玩游戏还可以
t**5,2025年3月24日 · F87 Pro 时空秘境-太空金轴,不错 我手劲小 按起来不费劲刚刚好 声音也不错 挺好的
t**1,2025年3月2日 · F87 Pro 月影粉霞-灰木轴V4,米米嘟，手感很好，灰木轴敲起来很好听，玩游戏很好用
陆**x,2025年3月2日 · F87 Pro 时空秘境-灰木轴V4,要是键帽的材质好点就好了
t**7,2025年3月22日 · F87 Pro 时空秘境-太空金轴,很早就听过f87pro了 现在总算拿下 手感很好
j**g,2025年3月22日 · F87 Pro 时空秘境-太空金轴,键盘手感很好，用来吃鸡的
t**7,2025年1月19日 · F87 Pro 星际迷航-灰木轴V4,整体评价：199价位能买到这个键盘已经很不错了，想要更好的就加价吧。先用一段时间 看看品控怎么样，如果不出问题的话，这个键盘还是物超所值的
t**7,2025年3月19日 · F87 Pro 月影粉霞-灰木轴V4,颜值很好，性价比高，
清**虑,2025年3月19日 · F87 Pro 蔚蓝星海-灰木轴V4,在这个价位，这样的做工和功能就是无敌的。
1**q,2025年2月15日 · F87 Pro 时空秘境-太空金轴,不错，质感很棒
t**1,2025年3月17日 · F87 Pro 时空秘境-灰木轴V4,超级帅手感也很好
是**啊,2025年3月16日 · F87 Pro 落日海岸-灵动轴V3,很不错，出乎意料的好用，至于续航还要等我用过再说
t**1,2025年2月14日 · F87 乌野橘光-太空金轴,目前看来质量很好，太空金轴打起来虽然误触的几率大一些但是声音很好听，也没什么断触啊，延迟高之类的问题，总而言之性价比很高！相信就好啦！
m**i,2025年3月15日 · F87 Pro 星际迷航-灰木轴V4,东西质量还可以，快递速度也很给力
t**7,2025年2月25日 · F87 Pro 星际迷航-灰木轴V4,以前没买过键盘入手了第一个键盘用起来目前可以
t**9,2025年3月14日 · F87 Pro 星际迷航-灰木轴V4,还是不错的，就是个人感觉空格太松了容易误触
t**9,2025年1月28日 · F87 Pro 时空秘境-太空金轴,声音很好听！而且比我想象中的声音要小，不用担心会特别吵！非常满意
全**维,2025年1月28日 · F87 Pro 月影粉霞-灰木轴V4,超级好用！ 无敌好用！ 200块出头，性价比拉满。我现在打野a野怪，都要猛猛按a键好几下！舒服的没话说！
q**5,2025年2月13日 · F87 Pro 时空秘境-灰木轴V4,非常非常酷炫，手感很好👌🏻
t**3,2025年2月4日 · F87 Pro 星际迷航-灰木轴V4,声音好听 用着很舒服 颜值也很高
t**3,2025年3月13日 · F87 Pro 月影粉霞10000mAh-极智轴,送人，好看，声音好听
t**3,2025年3月13日 · F87 Pro 月影粉霞10000mAh-极智轴,键盘比较重，按键的声音也很好听
晚**7,2025年2月24日 · F87 Pro 星际迷航-灰木轴V4,帅就一个字 只说一次 外设到了等电脑了
t**8,2025年3月12日 · F87 Pro 时空秘境-太空金轴,手感很棒，外观设计都很喜欢
t**4,2025年2月12日 · F87 Pro 时空秘境-太空金轴,键盘颜值非常好
t**2,2025年1月21日 · F87 Pro 落日海岸-灵动轴V3,上面是新键盘，下面是旧键盘，听声音就能听出来，这个声音和手感都很不错
k**i,2025年1月21日 · F87 Pro 星际迷航-灰木轴V4,好看得一批，按键声音也好听👍👍
